T95018,T61609,T71025,X55715,T52185,T57633,R78934,T51529,M26697,T51023,D63874,T57630,M36981,M76378,M63391,M76378.2,T79152,H64489,X15183,X14958,Z50753,D31885,U30825,T60155,H40560,R87126,M22382,R42501,T51571,X12671,X70944,M76378.3,H40095,X70326,Z49269,T92451,Z49269.2,R75843,U29092,H43887,H11719,T86473,X12466,R08183,R36977,M80815,U09564,L08069,R84411,T96873,X74295,T40454,X12496,T47377,T62947,L05144,U26312,H77597,R64115,J02854,L41559,L25941,X86693,X74262,X63629,X13482,T83368,M36634,R52081,T86749,H87135,M26383,D42047,T67077,D00596,X53586,X54942,H20819,U17899,J05032,H08393,H06524,U32519,H55916,U25138,U19969,X56597,M91463,X62048,D29808,T60778,M64110,Tissue Type
0.20364046,-0.221797,0.01446584,1.4625133,0.2627336,0.96982305,0.19325494,-0.3430466,-1.2437589,-0.2405667,-0.3406208,0.92861128,-1.0123331,0.04945768,-0.0865705,-0.002484,1.9036617,-0.3955146,0.85334579,0.6959145,0.38170231,0.73063981,-0.6681106,0.40573236,-0.1374584,1.0217108,0.33258842,0.0057979,0.14664555,0.32933811,0.98601781,0.34070375,0.236995,1.6067187,0.34425042,0.09432761,0.25494313,1.8132879,-0.3094688,-0.7479348,-0.9742058,0.27442216,0.25336081,0.5944798,-0.2060163,-1.0805803,-0.2566059,0.11503698,1.0589365,-0.9443075,-0.9024769,-1.8135393,-0.237587,0.64229326,-0.3277802,0.84078067,0.92349543,-0.4308457,1.9026736,0.34809459,0.66458172,0.19446087,-0.6460192,0.10197742,0.81255301,0.6569397,0.58405882,-0.7746245,-1.8169636,-0.7548731,-0.3607603,-0.5171519,0.86510098,-0.0602332,-0.1020365,0.54770019,-0.1509243,0.04422524,-0.1594944,-0.6797913,0.23224243,-1.4033672,0.68903294,0.40935239,-0.3713918,-1.179751,-0.6225498,0.52081073,-1.0889848,-0.2944596,0.04411694,0.41810319,Colon
-1.2943217,-1.9002859,-0.9049441,0.36503495,-1.7354394,-0.248689,0.58867846,-1.3002775,-1.0447599,-1.1686267,-2.6845281,-0.4876124,-1.4121116,-0.471151,-1.0606808,-0.5893975,0.06909484,-2.1448213,-0.1397727,-0.8503447,0.67759428,-2.0174743,-1.1455126,1.027711,-2.8147796,0.68482803,-2.6164901,-0.7083755,0.64315729,-0.2717595,-1.2751284,-0.0861545,-0.5727578,-0.0869083,-0.1487473,0.18260228,-0.1030038,-0.7328355,-2.6755256,-0.1115888,2.1191054,-0.0037545,-1.0041198,-2.0918697,-0.8694533,-1.5086256,-1.4076249,-1.9333089,-0.6053944,-1.8488697,-0.3505945,-2.3993257,1.6044527,-0.9152322,-0.5880773,-0.9210095,-0.6543705,-0.6465415,-1.0791409,0.74048675,0.05674993,-1.0087955,-0.2447169,-0.8471347,1.0292608,-0.7296313,-0.7959244,-0.5528026,-1.0412939,-1.0093769,-0.9053415,1.0322987,0.10161995,2.1180282,0.33641886,-0.8443749,-0.7299613,-0.3943387,-1.4906945,-0.5080577,-1.1133263,-0.1963511,-1.9958745,0.58205805,-0.7239602,-1.2212557,-0.5637653,0.95198763,-0.6300986,-0.6021801,0.90732336,0.4989908,Colon
0.70838137,1.244371,0.00972858,-0.4617816,0.24298179,-1.6649488,0.28218843,1.0181717,0.49183622,2.8320339,1.7006983,-1.3860833,0.44885902,0.25469128,0.16250355,0.13030874,3.073005,0.06578919,0.05757851,0.31349999,-1.1863346,0.07688853,1.0210693,-0.1779953,1.4178046,-0.6298714,1.4810762,0.68271012,-0.1026652,-0.4334167,-0.5193298,0.45388783,0.73481434,-1.2942857,0.08489737,-0.2064803,-0.0903073,-0.5032577,-0.8743515,-1.3587923,0.01353521,-0.2298481,0.07702728,1.2466923,1.4460579,0.09445091,0.16910835,1.0936177,0.40715339,0.46356143,0.46474619,0.11826373,-0.9737189,0.23964537,0.78968044,-0.6278098,-0.6866982,-0.6086991,0.43843652,-0.2932254,-0.8674813,-0.34535,-0.0663192,-1.715357,0.35117576,-0.1218387,-0.6744621,-0.4190044,0.67249822,0.43908424,0.44307348,1.0845539,-1.0595174,-0.1451802,-1.7102566,-1.9639688,0.33512249,-1.468176,0.53135724,1.0446916,1.288613,-0.0580389,-0.6476981,0.92019953,0.09339931,0.094473,0.13464877,-0.4063616,0.43507413,-0.5561742,-0.4312236,-0.6086913,Colon
0.37802566,0.65616681,-0.3351665,1.7222614,0.70105012,1.0795168,-0.2063244,0.53356751,0.88344233,-0.4661676,-0.1091918,1.2900453,0.15798845,-0.8791035,-0.9417914,-1.027529,0.4315355,0.31954803,1.3884932,0.04664009,-0.2044481,0.63653608,0.2917036,-1.3747717,0.93862681,-0.7877937,0.52602679,0.19720369,-0.6268213,0.74173929,0.29305343,-0.5359469,0.22425697,0.60414541,-1.3263292,-1.1535641,-1.454034,1.2343654,0.27317018,-0.5727923,-0.2436317,1.1428285,-0.1925135,0.11357094,-0.1813293,-0.2324192,-0.7128416,-0.1641867,-0.722603,-0.3657658,-1.0831606,0.01171403,-1.1105027,1.2922151,0.06995331,-0.3590478,0.49517141,-0.4280016,0.60880472,-0.3959387,-0.3397834,0.85855819,-1.5543166,0.7664652,0.41311921,0.75018321,0.12005189,-1.0104921,0.2619039,-0.432585,-0.3831394,2.4665386,0.33038992,-0.4449391,1.0411143,0.7561459,-0.4657354,0.25916667,-0.0497967,0.02545509,0.17001789,-1.1844158,-0.6082492,0.71897535,-0.6086326,-1.1351134,0.67878514,0.4719015,-0.7895695,0.01341031,-2.4008348,-0.8492052,Colon
0.02013334,0.45761428,-1.1280773,0.56523348,-1.3041873,0.003314,-0.4587434,0.71724345,1.2664889,0.56196888,-0.4809948,-0.594637,1.8712485,-0.3262991,-0.749115,-0.3374205,0.51667674,-1.3521598,0.90289519,0.99067403,-1.0734265,0.64022693,2.1987845,-0.7579898,-0.9418295,-0.9473347,1.2129931,0.80761823,1.523304,0.73048402,0.04577674,0.0036544,1.3301655,0.1369681,-0.5518588,-0.4986317,-0.3518047,-0.0176061,0.26365339,-1.4587289,-1.1444054,2.0349888,1.6593608,1.7936321,2.4793562,-0.2714314,1.8556427,1.3104899,0.65552964,0.32163692,-1.8838292,1.3359622,0.17301608,0.87906135,1.4965146,-2.3402814,1.2176304,-1.4716405,0.67166596,-0.2933667,0.21825622,1.2320544,-1.2357305,1.660523,0.98917485,0.19558537,1.8656511,-1.6301629,0.32605385,0.98494327,0.40479475,0.96471099,-0.001097,0.18091996,0.3565762,0.34014663,-0.7867331,1.2197589,-0.2463723,1.991412,1.0159643,-2.1662318,1.0384823,0.80460771,-1.207372,-0.5384752,-1.076327,-1.1046904,1.4539767,-0.2263711,-0.8235902,-1.493731,Colon
0.013497,0.39653457,-1.7024912,1.2087163,0.73100208,1.0690903,-2.1476537,0.08244388,0.77375449,0.45000443,1.5973697,1.1474211,0.46674906,-1.3533747,-1.1957589,-1.3475995,0.80662584,-1.0417526,1.5486309,0.49812633,0.03719288,1.0926772,0.88637401,-2.2588709,0.42225723,-0.692629,0.8596374,0.81804996,-1.1221814,0.78505375,1.0063729,-0.5764478,1.023724,0.79079045,-0.6920923,-1.7078282,-0.4971252,0.9417593,1.9641165,-0.6753024,-2.6009943,1.6462069,-0.8899427,0.05531908,1.9957084,-0.9948341,1.5985093,0.29285011,-1.5838991,0.12858661,-0.2973328,0.11353163,-1.5693104,1.1088569,-0.0394218,0.62790775,1.5171223,-1.1528846,1.833168,-1.5871052,1.4356566,-0.6525477,-0.2462186,2.4126369,1.6927583,2.0404301,-2.3691761,0.08188966,1.6136221,0.69933768,0.44167217,-0.3636195,-1.5824411,-1.4246025,0.65884188,0.54114806,0.2161712,1.7057467,2.0023568,0.6873439,1.2566157,-0.5577511,0.12566941,-0.9582641,0.36151919,-0.553299,1.5838512,-1.1551222,0.58871673,-0.0894914,-1.1281191,-0.639385,Colon
1.308645,0.73035743,0.53844689,-0.441919,0.9889908,-0.8210493,0.44689223,0.44248171,0.23250572,0.29124364,1.5927034,-1.1118844,-0.5261255,0.24478914,0.11115902,0.32099069,-1.2666895,0.27160896,-0.552408,0.17428994,0.25417833,-0.3352476,-0.0702135,0.18525697,1.2238645,0.09726032,0.4649721,-0.1803311,-0.6741324,0.30337095,-1.1488929,0.62672239,-0.376883,0.00852358,-0.1196478,0.00733308,0.05661806,-0.7690918,0.22375206,-0.4577503,0.21755802,-0.319979,0.47260718,0.34476124,1.0919596,0.12502366,0.88777454,0.29200349,-0.0115519,-0.470316,-0.3595556,-0.3773441,-0.9209006,0.6922392,-0.4345973,0.8603012,-0.0426694,-0.0228742,-0.2346716,0.1504026,0.02169094,0.0101855,0.03050231,-0.8955657,-0.0501608,-0.7537445,0.88748553,0.27075513,-0.2098985,0.1722534,0.65861945,-0.1214646,-0.6930977,0.60171093,-1.6533759,-0.581663,0.4427631,-1.0443215,0.09023332,0.20581174,1.2139358,-0.1142801,-0.0802786,1.9072937,0.1020108,-0.1804805,0.34049984,0.04309619,-0.111669,-0.637055,-0.2363202,0.15461051,Colon
1.3867693,0.77038316,0.83312975,-0.0272477,-0.2650837,-0.1572528,-0.014424,0.51274167,0.35784442,0.60502802,-0.3170018,-0.2345968,0.763968,0.14884255,-0.1594682,0.16291928,-0.0123183,0.05272037,0.20001424,0.33392584,-0.7108081,0.24757533,0.87477555,0.23382868,-0.1241995,0.30903641,0.26533913,0.91530446,0.74260322,-1.1794673,-0.9135531,0.4671532,1.36311,0.3312251,-1.2065155,-0.3837234,0.07267601,-0.5817548,-0.0169558,0.76498886,-0.1646743,-0.8795542,-0.4184071,-0.092797,0.79600988,0.25987918,0.32103926,-0.2838625,-0.2125758,-0.3542667,-0.8834658,0.57744122,-0.2103878,0.63735381,0.88193907,0.14555193,-1.0245126,-0.3425416,-1.154755,0.08150406,-0.9252384,0.18871781,-1.0149743,-0.7406376,0.24414912,-1.0533913,-0.5218109,-0.3563177,-0.3987514,0.1181458,0.60276091,-0.5095329,0.04093165,0.72396509,0.09490794,-1.0361847,-0.0632855,-0.812033,-0.074875,-0.3642697,0.87586409,-2.1855281,-1.0756823,0.06131175,-0.2306652,-0.6719955,-0.3572651,0.0469012,-0.1291876,0.06678634,0.7418076,-0.4249078,Colon
1.7759483,1.4520612,-0.2360324,1.2447503,0.25645573,0.65414764,-1.4352094,1.500706,0.91870025,0.86197236,-0.1713977,-0.0582551,0.66555224,-0.4072826,-0.6628421,-0.422811,1.7247606,-1.9553534,1.4760335,0.0781562,0.5896701,1.0278876,1.2113627,-0.9080718,-0.2543259,0.18371911,0.63967876,-0.0563854,-0.0802187,1.0180446,-0.5460566,-0.3076258,1.230852,0.25446046,0.08186785,-1.8085978,0.31226428,0.02920062,1.3149195,1.1767337,0.88356365,0.51715962,0.12493586,0.19925262,1.5200622,-0.1616183,0.31490805,0.56736736,-0.0033253,0.33308526,-0.7264115,-0.9452032,-1.0880497,0.90648334,1.3209279,-1.4488354,0.26389259,-0.4651367,1.0409032,-0.6560669,1.6186325,-0.072998,-0.4553555,0.27768396,0.41660475,-0.0418438,0.44991307,-0.8203809,0.47094909,0.31601787,-0.5163727,0.57474363,-0.2580529,0.0798201,-1.0268333,0.9711041,-0.5743902,1.077184,0.16272938,1.2331439,0.84430735,-0.406615,0.59082963,0.08857545,-0.0648518,0.15973621,-0.5213781,0.37761601,-0.5717594,-0.4287272,0.99568725,-0.3653066,Colon
1.2976954,1.5213912,-0.8794197,0.50235624,-0.1622765,0.36420374,-0.6947321,1.0549812,1.2861616,0.68103497,-0.4264152,-0.9319714,1.2630538,-0.8455503,-0.73019,-1.0647844,0.34832001,-0.3613013,0.24483393,0.55439859,-0.8551351,0.76913691,1.6585794,-1.2707878,-0.3391239,0.03579728,1.193086,0.7787597,0.05922804,0.22431366,0.41569449,-0.5114474,0.30746908,0.33883191,-0.5739204,-1.6455998,-0.4732006,-0.2169684,1.3965306,-1.4137512,-0.6617581,1.1380791,0.26002434,1.0357496,1.6335716,0.94448785,1.4700968,1.6724649,0.91252462,0.46679203,-1.477135,1.1115764,-0.5593846,0.90019155,1.1088682,-0.3738047,0.45552851,-2.5945223,0.9633757,-0.9375754,1.038899,1.0049542,-1.6420728,0.47932239,1.0180307,-0.4337232,-0.073023,-2.0352124,0.53103062,0.86735374,0.97820369,0.65956123,0.26680815,-1.1198223,0.25925085,-0.5139185,-0.0397464,0.57628488,-0.1134239,1.3182232,1.5442071,-2.2279774,0.16446459,0.337008,-2.0410712,-0.7086345,-0.0789064,-0.7195763,0.87291136,-0.7290537,-2.5639988,-1.2065795,Colon
-0.4765312,-1.2189402,-1.2737992,0.61558434,0.36602443,0.56123432,-1.1352742,-0.7854054,0.66593269,-0.3528052,-0.0268752,-0.2027928,0.2225087,-0.9656433,-1.4548494,-1.1400339,0.65375072,-0.4555919,0.51234246,-0.0999419,0.19660284,1.2349778,-0.2140511,-1.3246,0.37366502,0.37104051,0.59270175,-1.59347,1.4178009,0.51605077,1.3407865,-0.645304,0.07175267,1.0371672,-1.0536453,-1.7252524,-1.4604046,1.608666,0.68103082,-0.7540113,-0.0991485,1.0629917,0.80251215,1.0389157,-0.359539,-0.9612151,0.30953772,0.37140967,0.66798983,-1.0565359,-0.7488712,0.05747547,-0.9185126,0.75176083,-0.2017498,-0.7913296,0.35396151,-0.801882,0.70289417,-1.0342476,0.04831543,0.1147232,-1.8836549,1.4188394,1.3654062,1.1487594,1.3338675,-0.560195,-0.9913618,-0.073581,-1.1911385,0.18257283,-0.040111,-0.5309839,0.48289172,0.85862289,0.6142431,1.0114211,0.16546446,-0.5333295,-0.0851049,-1.7393599,0.81153001,0.36128104,-1.0874969,-1.3757733,-0.2215076,-0.2680181,-0.391943,-1.9725959,-1.6060742,-1.4928618,Colon
0.97163426,1.7725687,-0.3038035,0.06324928,1.3512408,-0.6854448,-1.4561279,1.8565669,1.4021401,1.1541224,1.1350636,-1.1157994,1.1721486,-1.0755225,-0.7975476,-1.0033856,-0.6445374,-0.1663915,-0.2504067,1.5049452,-1.0501126,0.49612575,2.0573306,-1.6429244,1.8020826,-0.9376677,1.0293036,0.30379312,1.3863264,0.0229431,-1.8111932,-0.5467446,-1.8609437,-0.5045674,0.00997323,-1.1128162,-0.0143148,-0.9483581,0.62807253,-1.3375743,0.82255572,0.45155449,0.3737809,0.40355057,2.2726504,0.88302902,0.72887649,1.060745,0.80311644,2.0036766,-0.2886465,0.13512003,-0.3812494,-1.486354,1.8145614,-1.8719945,-0.2723406,-0.1837379,0.61408059,-1.5151091,0.28182892,-0.7852878,-0.8205022,0.43659013,-1.1241012,-0.6452813,0.62067428,-0.307327,0.4812795,0.95957232,0.21515537,2.1525924,-2.0913666,-0.8709003,0.08528176,-0.3369616,0.14348368,-0.9289311,1.7871384,0.70063112,1.1190794,-0.7082457,1.1617445,-0.9996576,0.37145822,-0.0945136,0.60281848,-0.314607,1.01771,2.2937093,-1.6322703,-1.1987177,Colon
1.4872086,1.2243266,-1.1354878,0.3589945,0.07602731,0.41612367,-0.6246404,1.2610885,0.92686418,0.56395282,-0.5236666,1.2072067,1.2710221,-0.7640315,-0.9470494,-0.8737196,0.06432704,0.76534566,-0.3398986,0.36182157,-0.9104103,-0.1359338,0.66176168,-1.9149353,-0.208199,-0.4082704,0.52531184,1.6190464,0.73501293,0.06328987,-0.0796625,-0.6822195,1.1219318,0.59210021,-0.2173682,-1.3681004,-0.6292674,-0.3404699,-0.8339575,-0.7361381,-0.1829413,-0.321688,0.25310685,0.11859884,0.58085717,0.50942781,0.9899721,-0.1919551,0.34247405,0.12881849,-1.3987887,0.86080273,-1.1183628,0.90516371,1.2839505,-0.6418511,-0.8594009,-1.161795,0.27869596,-0.8518755,0.09853557,-0.063276,-1.2759656,0.7355331,0.8667672,-0.713042,0.6067301,-0.8522808,0.49259259,0.88512068,0.00321641,-0.7006863,-0.2538199,-1.3025319,0.10592111,0.64265522,-0.1412203,-0.2488779,0.68461433,0.27248263,0.66385998,-0.5441708,0.72032294,-0.2261561,-0.5004062,-0.7843735,-0.2892371,0.0693396,-0.0607601,-0.7458409,-1.4092437,-2.2108107,Colon
-0.2079626,-0.0797636,-1.9713294,1.0131281,0.97868783,1.1235096,-0.3828448,0.39455185,-0.2268039,-0.1951843,1.6863787,0.43487684,0.09373256,-1.303713,-1.7444612,-1.3601213,0.77071359,-1.9632215,1.4939562,0.32322591,-0.658811,0.43631022,0.07620142,-0.669599,1.4704693,-1.2448463,0.24610197,0.54056468,1.4172882,0.92225083,0.762844,-0.8861028,0.80194157,1.1583938,-1.4359925,0.29950965,-1.5672383,-0.1672435,1.0290312,-1.025265,-0.2258152,1.7703868,1.781385,1.540256,0.14128833,-0.6326871,-0.1773172,0.6147925,1.6445119,0.42198665,-0.9559618,1.0900273,-0.7303396,0.76305376,-0.6907168,0.59799613,1.4600656,-0.9478114,0.3970062,-0.7163045,0.46771013,2.0923593,-1.125043,0.55858991,0.62975639,1.2777622,1.1107879,-1.1043724,0.45421426,-0.056453,0.63081944,0.27532468,0.16468591,-1.0431549,1.2311724,0.98002612,1.4172207,0.96230077,1.5141583,0.65826214,0.05767269,-0.659859,-0.460557,0.91170761,-0.4357576,-1.1996611,1.4982635,-0.2803721,-0.9883935,-0.6625758,-1.2354912,-0.5404738,Colon
-0.0118567,-0.1517183,-0.4642668,1.3965321,1.5104316,1.1186824,0.17596281,-0.4401901,-0.5031164,-0.7837075,1.5346452,1.3534573,-0.4636369,-0.2035593,-0.4810289,-0.2659717,0.58280361,-0.0897878,0.62963564,-0.2407236,-0.6990889,0.73993825,-0.6597606,0.30040431,1.3470331,-0.8164894,-0.8429417,-0.8266383,0.19333502,1.4080155,0.67904214,-0.0674042,-0.1783204,0.95118676,-0.7011405,-0.0370356,-0.7084014,-0.0799463,0.32109659,0.00959734,-0.0894109,0.37275386,0.49853166,0.22466538,-0.84265,-0.4443853,-1.3427262,0.035888,0.41657283,0.06885927,0.04857171,-0.5045062,-0.2249899,1.6194664,-0.0607194,0.40667725,1.0535262,0.34190018,0.10527422,-0.3077499,0.87042488,0.12112236,0.40711581,0.11402118,0.4547841,0.51707128,1.0760362,-0.0793704,-0.6107407,-1.1874739,-0.2274735,0.4751419,-0.1544706,-0.3796979,0.78509877,1.1186021,1.0369486,0.1839237,1.1986529,0.27512382,-0.1676741,1.4728423,-0.426718,0.60810515,0.11162495,-0.7514351,1.15551,-0.9961506,-0.1888248,-0.5798414,0.2059655,-0.2538442,Colon
1.1828364,0.8797494,-1.1365822,0.70874245,0.94888193,0.8788546,-0.3306841,0.72324232,0.78909843,0.22432315,1.0930191,1.2811845,1.2261184,-1.2677018,-1.1899854,-1.217244,1.0382394,-0.6416838,0.81015532,0.42532435,-0.9395982,0.29584898,-0.3234626,-0.5059622,0.95898899,-0.8775683,0.92638517,0.84816815,0.63934683,1.0506257,0.44252901,-0.8063272,0.60827594,0.08809648,-0.9684643,-0.7218294,-1.4394578,0.67632012,0.06399672,-1.6427671,0.08000118,1.6323558,1.6638652,1.1864951,0.14342992,-0.8538808,0.13771123,-0.0477616,2.1076891,0.77500949,-1.1085129,0.37706494,-0.434087,0.50350513,-0.1884379,-0.6357598,0.68843329,-0.7714593,1.5831605,-0.6240376,-0.6524771,1.7985086,-1.0564492,0.3708547,0.86268041,0.53972699,1.6565385,-1.619476,0.53172026,0.95083817,-0.5837279,0.40729686,-0.1276822,-0.1693391,-0.6696874,-0.1811611,0.46950294,0.71047104,1.3486091,0.86574474,0.92449429,-0.7147334,0.434434,0.641421,-0.5532534,-1.454176,1.1318172,0.00639273,0.76698346,-0.2059891,-0.6584644,-1.0610563,Colon
-0.4838004,-0.7922379,-1.3413541,1.0805381,1.5649625,0.78117582,-0.0078837,-1.4397337,-0.2035621,-1.6692089,1.5330661,0.63500621,-0.0916419,-0.9488825,-1.122386,-1.0716081,1.0059743,-1.1100532,0.37952867,-1.1482924,-0.7776145,0.65869382,-0.7523477,-0.2049245,1.0396919,-1.0378859,-0.8788493,-0.7862751,0.47812702,1.0092573,0.21768012,-0.7733316,-0.6920791,0.94175044,-1.5692003,-0.8158373,-2.5006214,0.26636583,0.06224393,-0.7196854,-1.3235414,0.72597992,1.0519865,0.70360821,-0.3084773,-1.543951,-0.0123597,-1.0990402,0.74507347,-1.0051458,-0.4606111,-0.3588342,-0.2040793,0.23336436,-0.3662049,0.3197212,0.78114592,0.17417858,0.74418618,-0.0862876,-0.0988336,1.3684405,-0.0645299,-0.008071,1.0262246,0.28169706,1.1100468,-0.4412302,-0.2419525,-0.6498259,-1.0827925,-0.8147885,-0.6117244,-1.0920878,-0.1105447,0.80939815,0.56975752,1.0769345,1.2179081,0.78073014,-0.0514259,0.3868341,-0.1686702,0.5779024,-0.0666174,-0.7698608,1.9933601,0.21399591,-0.9547272,-0.30796,0.07969828,-0.213328,Colon
0.42728504,0.42790857,-1.0313691,1.2751107,1.2501559,1.2363268,-0.4936285,-0.2234725,0.04894392,-0.2770285,1.2926171,1.2485311,0.3035278,-0.5495555,-1.1307634,-0.630423,1.0059319,-0.3314075,1.3132193,0.07975102,-0.4031225,1.3706175,-0.0981758,-0.8109967,1.1091947,-1.1832788,0.06279349,0.50486275,-0.4006297,1.7755729,0.83020156,-0.3645912,0.29471852,0.82348399,-2.3193618,-1.3772089,-1.8234491,0.91203057,0.77050033,-0.4004983,-0.5795528,1.1501906,0.51134533,-0.1132736,0.17182743,-1.5644471,-0.7522547,0.38672371,0.12786737,-0.2451123,-0.6445744,0.08404053,-0.3949648,1.5564223,0.55667071,-2.2715558,1.278861,-0.3272099,0.50595215,-0.6111585,0.78137983,0.24333299,-0.3635057,1.5202001,0.96358104,0.86835432,0.66314204,-1.2576309,-1.0987204,-0.4461463,-1.7332403,0.14601144,-1.173197,-1.1941493,2.0134837,1.1061326,0.90158408,1.2137109,0.9192071,-0.3049291,-0.554274,-0.2897391,0.59581155,0.6352704,-0.2519554,-1.0112995,0.82291944,-0.7670453,-0.3562268,-1.4482351,-0.8081639,-0.1692128,Colon
0.17116456,-0.6223661,-0.416177,0.43668977,0.57013988,-0.2865885,0.77848598,-0.5781273,0.25866841,-0.3459788,-0.2961892,-0.0979023,0.13835121,-0.2708542,-0.9804515,-0.269441,-0.0133057,-1.1771791,-0.4437792,1.2795521,-1.0383888,0.53699461,0.14947235,1.3713069,-0.0877669,-1.0518439,-1.0872117,-0.2310438,1.6119795,0.21548412,-0.6833528,0.01891298,1.1817438,-0.4340903,-0.4749068,0.14768599,-0.405732,-0.7562176,-0.5940875,0.00753039,2.094455,-0.6663578,0.5235507,-0.9505169,-0.0946725,-0.7444422,-1.3699121,-0.9476068,0.28320281,-0.9345766,-0.7132008,-0.3533563,1.3769671,0.44069255,0.77726504,-1.5730844,-0.3483178,-0.7799999,-0.519636,0.41498082,-0.679864,-1.0171868,0.25421333,-0.7405318,1.0702663,-1.1275769,-0.0543653,-0.9036123,-0.4008425,0.17421044,-1.2454571,0.11868954,-2.0828384,-1.1135498,-0.8795465,0.17105293,-0.710406,-0.8429967,0.78802177,0.77058288,-0.8600609,0.2684734,0.45462124,0.28876301,-0.3545131,0.17854365,0.10340038,0.09040258,-1.1185903,-0.9703747,0.45436061,0.3859789,Colon
0.11546132,-0.1526911,-0.4070583,0.6195811,-0.1515957,0.46201777,-1.0303157,-0.19234,0.34602964,0.53994672,1.3354744,0.25628312,-0.0098245,0.4995786,0.32655828,0.26123139,0.19098257,0.22034232,1.5637879,0.82256973,-0.6824359,1.0896026,-0.2773628,-0.0181165,0.84862519,-0.5446881,0.14278481,0.47883008,-0.0458453,0.67931875,0.86097665,0.15471474,0.38206819,1.588093,0.42845975,-0.6960808,0.41788104,0.36990806,1.3511465,0.60687482,-1.1931884,0.152462,-0.4778042,-0.8481581,1.0317901,0.1724389,-0.1155026,0.84083579,-0.7829513,0.5556774,0.95576299,0.91679133,-1.200552,0.95583379,-0.1513377,-0.0800489,0.99265845,-0.1621439,0.45376809,-0.4670414,0.58411994,-0.0821119,1.0211315,0.30192394,2.0022437,0.30957125,-0.4053695,1.1968234,0.90353288,-0.0930641,0.33785247,0.34681961,-2.7478226,-0.7622697,0.13809792,0.98549921,0.57775085,1.0769234,0.22459418,1.7134609,0.80151594,0.67613981,0.32195524,-1.1372259,0.21644784,1.0345424,0.41526003,-1.1251887,0.392505,0.29106754,0.55478679,0.98574959,Colon
1.3625725,1.2587083,-0.5738672,1.1101579,1.6310377,1.3065092,-1.7356896,1.490993,1.2151058,1.2660026,0.07895489,1.6421506,1.0475095,0.0069418,-0.688104,-0.0155125,0.69924095,0.43815871,1.0746113,1.3742977,-0.6038347,0.5507649,0.3546323,-1.052527,0.88891045,-0.7220357,0.90098657,1.5049081,-0.5124693,1.4491683,0.63749427,0.0385499,1.2893915,1.4656039,-0.4908989,-1.8862139,-0.2545241,0.36062991,0.49465175,0.66900489,-2.1091885,0.77326919,-0.2358893,-0.1594086,0.21320683,0.20735005,1.6497013,0.11991914,-0.4209205,0.95574714,-0.4362141,0.57621295,-1.6462026,1.3648208,0.93125231,-0.2409859,0.73879416,-0.4281617,0.28244591,-1.2114773,-0.1060561,-0.3508949,-0.8314477,0.10983909,1.1226279,1.0206397,-0.2959689,-0.1026001,0.88503839,0.77704412,0.79402528,0.09142096,-0.3990043,-0.6327481,1.4236885,2.1239603,0.33223849,1.5694543,0.60844964,0.53723066,0.9569453,0.09994628,0.71841842,-0.1355869,-0.0804889,-0.5054875,1.4972399,-1.7282563,1.4386708,-0.2607074,-1.0303696,-1.0681733,Colon
0.56340746,0.02296969,-0.8818219,0.67898263,0.92731139,-0.5964878,0.20085891,0.34635158,1.1691608,0.65842745,0.891634,0.36638328,1.1591371,-0.5803952,-0.2204042,-0.135831,-0.0041962,-0.2109405,-0.6934969,0.42937404,-0.9553383,0.12336782,0.3047578,0.36243754,0.24786623,-0.9068867,1.1675023,0.23397309,0.18620206,0.95611653,0.28795403,-1.0397361,0.39821524,0.16803909,-0.3810447,-0.0142138,-0.4228695,0.79394502,-0.3361239,-1.4863014,-0.5112044,0.69010146,0.72687812,0.85543007,-0.1387143,-0.4192766,0.95312608,-0.8014159,0.81476039,0.29687162,-0.1774264,0.55590816,-0.4773884,-0.1185741,-0.0523108,-0.3627312,0.32669063,-0.7617819,0.59683416,-0.6483987,0.49794979,1.0944968,-0.4628311,0.18099493,0.33289705,0.08370815,0.76467587,-0.8667963,1.396749,0.7594597,0.71332181,0.53990252,-0.5025257,-0.554444,-0.0296603,-0.3105973,0.64139361,0.5149587,0.59342744,0.70121945,-0.0136764,-0.4654042,0.91680581,0.32289029,-0.162618,-0.4873907,0.80952997,-0.5818783,0.13754089,-0.4270449,-0.330651,-0.2951697,Colon
0.28267873,-0.0297973,-0.7930054,1.3368638,0.2517683,0.63505564,-0.0309557,-0.1401846,-0.4330232,0.64512204,0.47247106,0.716768,0.09827454,-0.235451,-0.1383063,-0.2323781,0.32209864,0.09623765,1.1706423,1.5575597,-0.6770074,0.96112466,-0.2860872,0.36890206,0.25236426,-0.3359595,0.51500712,-0.1996774,1.5823154,0.46001568,0.82500696,0.07727208,-0.034753,1.5028968,-1.4474919,-0.3010974,-1.196763,0.27103745,0.30080385,-0.8393902,-0.3261778,0.74458895,1.1355907,0.7451277,0.55963433,0.02782008,0.7395276,0.23236134,1.5896239,0.11146362,-1.2037262,-0.0178752,-0.419821,0.8487016,0.37860838,-0.0948849,1.654432,-1.1191379,1.0617926,-0.0839677,0.14336152,1.7077992,-0.2991394,0.36969284,0.74318343,0.44068249,0.91166108,-0.7194073,-1.0681371,0.22058442,0.10801027,0.68185096,-0.4196232,-1.2625218,0.54897463,1.9334647,0.31649313,1.0314701,1.0350975,0.24807859,0.40415411,-0.4979331,1.5919258,0.86771489,-0.0488986,-0.6120759,0.76225544,-0.7039289,1.2040967,-0.1836911,0.07195742,0.31677837,Colon
1.2416417,1.1373694,0.09210985,0.46304062,-0.1179283,0.17284068,-0.9961352,1.6306224,2.1816259,1.5095619,1.0148536,0.3560462,1.6067496,-0.4900404,-0.9562448,-0.4241008,0.11046664,-0.0469933,0.95740774,1.4946618,-1.6538668,0.60931775,1.853674,-1.2635556,0.87570733,-1.8618741,2.0048003,1.4725832,-0.6254502,0.89904655,-0.0370299,-0.809184,1.114727,0.73933096,-0.6032334,-1.1636791,-0.3957084,1.1042873,0.28629926,-1.6409527,-0.7280382,0.85610007,0.86630922,0.6892488,1.1880298,0.06710576,1.0793433,2.6484447,0.63436372,2.3225138,-1.5433402,1.8136982,-1.3651209,0.82361108,1.1410622,-0.0616761,1.2710425,-0.4062502,0.1087477,-1.5616986,0.38097257,0.95496246,-0.9179388,0.57032621,0.03943367,1.4232445,0.98672278,-1.168886,0.78709363,1.1912988,1.1376131,1.8958041,-1.2971493,-1.9779458,1.4185834,1.2491584,1.7585004,0.93117979,0.66360718,1.5949178,1.4188286,-0.4179636,1.7570746,0.62000338,-0.9414102,-0.3446146,1.08921,-1.640734,1.8273502,-0.1798692,-1.4521543,-0.7448908,Colon
-0.3776312,-0.2671199,-1.6886371,0.60394238,0.3879434,0.44001465,-1.001768,-0.5608775,-0.6274656,-1.261162,0.45847035,-0.6726904,-0.6122612,-0.818543,-1.3290629,-0.9010415,-0.5700502,-0.5334935,-0.016119,-0.4334903,-0.6506355,-0.4801293,-0.0908917,-0.8085581,-0.1232625,-0.5654257,0.03287188,-0.1240266,0.34863071,-1.0880878,-1.7698894,-0.8223974,-0.400455,-1.059878,-1.7506564,-0.9372935,-1.2069798,-0.094546,-0.1542101,-1.9616174,-0.9429098,0.38280308,0.30992008,0.45352461,-0.4577811,-1.7621897,0.46720155,-2.4829501,1.1281942,-0.9560078,-0.0703163,0.3841753,0.15707456,0.70313594,-0.1982231,0.44803509,-0.4719163,-0.4331721,0.79989435,0.21459514,-1.6085447,0.60476273,-0.4961999,-0.3030559,0.80742802,0.9659852,1.5518516,-0.3117358,0.9998293,-0.2967456,-0.0965387,-0.8063152,-1.3416854,0.04493932,0.00503368,-0.2140257,-0.3307603,1.1440128,-1.7212257,0.12616807,0.01570163,-0.5340754,-0.0939969,0.35522852,-1.249155,-2.061858,0.75430641,0.45587483,-0.1632026,-1.138804,-0.4479064,-1.1760799,Colon
1.5996675,1.7318955,-0.4807948,0.3016854,0.14598966,0.55621454,-1.5798341,2.1926431,2.0477119,1.481178,0.75874015,0.65182827,1.8565733,-0.4622689,-0.8700288,-0.4152321,0.35369862,0.71870699,0.4921053,1.4642025,-1.6456361,-0.4715597,1.9794784,-1.2321837,1.5870765,-1.2148833,1.5887868,0.68719811,-0.2999279,0.88828658,0.13963956,-0.0924532,1.95904,0.44290146,-0.7272373,-1.5673393,-0.2505144,0.02485921,0.07494234,-0.9013071,-1.7109799,0.69090707,0.8961655,0.83849418,0.83746579,1.1745364,1.8387546,1.8170117,0.64592719,1.9528192,-1.105399,2.2207312,-1.1063684,0.63703177,1.8213263,-0.5971865,0.79938807,-0.619372,-0.0144103,-1.0117984,0.12850375,0.63021293,-1.128958,0.45255316,0.43118452,0.35675637,0.44029598,-0.9662106,1.1651895,1.5261565,1.277929,1.748751,-0.0768379,-1.1280335,0.68395633,0.52374169,2.1654246,-0.5126607,1.3055742,2.0825666,1.9081553,-0.642259,2.1722649,0.90681196,-0.8509063,-1.0320997,1.081896,-0.6753775,1.6950019,0.85041387,-1.5455426,-1.2101255,Colon
1.4062528,1.0344979,-0.3546155,1.072339,2.0151166,1.6560669,-0.3123462,1.7288715,0.64709176,0.96107686,0.38746153,2.0751443,0.65531279,-1.1408104,-0.397172,-0.7291866,1.4550389,-0.9854638,0.78967604,0.33603959,-0.3438832,0.69604609,0.29928359,0.22930252,0.34238346,-0.7320682,0.67663401,1.2387931,-0.2231412,1.6532005,1.3528178,-2.1708973,1.1953275,1.4470123,-0.6305975,0.12480552,-0.7513706,0.96936144,0.62993188,-0.021929,0.14991093,1.0649362,0.84726926,0.64758248,0.63464535,-0.7034773,1.0597984,-0.0962863,1.3746457,0.2608727,-0.2792757,0.35307788,0.36556004,0.04278539,1.2532212,-0.7688369,1.8544248,0.01857237,1.7830379,-0.3813253,1.116383,1.1207246,0.4326437,0.94377255,0.17340976,0.84995366,0.76816054,-0.614075,0.34707196,1.2037524,1.2975397,0.28293645,0.19527963,0.22891669,1.1231222,1.4737337,0.90132048,0.44641224,-0.3807118,1.1242897,1.2049195,0.26229403,1.2135193,-0.0664354,-1.4901364,0.21462251,1.6186454,-0.097626,0.98570083,0.34856494,0.69630509,0.7146365,Colon
0.30198275,-0.4026315,-0.835159,-0.5980262,0.5100912,-0.7064402,0.99012574,-0.4227,-0.583648,0.36665661,-0.6126258,-0.6520294,0.13413325,-0.666656,-0.3286792,-0.8077751,-0.3067386,-0.0712559,0.53252396,-0.6401352,-0.9588578,0.14038497,0.10794241,0.69727595,-0.3082684,-0.9718045,0.10320562,0.23222968,1.6081623,0.41140849,0.05524399,-0.790855,0.28931356,-0.0744661,-0.3352721,0.62635727,-0.346674,0.37139989,0.88095277,-0.5179914,1.784621,0.09677948,1.3663894,1.2456544,-0.0753878,-0.4578251,0.87158685,-0.2805802,1.2655698,0.13477302,-0.4900175,-0.0497943,0.83642695,-0.1758914,-0.228456,-0.1761407,-0.3068067,-0.3756492,0.53951293,0.17330486,0.01441736,0.90671587,-0.1753062,0.75470366,0.14378821,-1.0197377,1.2181189,-0.7651473,0.37267399,0.05287393,0.89029664,-0.094296,1.3133935,0.21098015,-0.7526736,-0.5233171,0.71312728,0.43651393,0.66909221,0.45515861,0.09304374,-1.0939467,-0.0459735,1.2703877,-0.4933541,-0.3031197,0.83263684,0.86485023,0.73634546,0.0021419,0.92129396,0.1120963,Colon
-0.0914879,0.91900818,-0.5475336,0.36853342,-0.0727187,0.99254487,-1.2438309,0.54605052,1.2191301,1.4821219,0.18770455,1.8140832,1.1864877,-0.8446839,-0.5161721,-0.5032842,0.95423546,0.12175304,2.0989548,1.2117854,-0.59241,2.0692207,1.4129819,-1.3212806,0.43300491,-1.0258006,1.5351936,1.4512907,-0.1884606,1.4155785,1.2764905,-0.8438345,1.2365543,0.74443556,-0.6188255,-0.5323234,-0.9883412,1.6697695,1.1516272,-0.3771487,-2.8181545,1.3911439,0.08241911,0.31835238,0.49744154,-0.887136,1.1878989,1.2326316,-0.2181309,1.2906182,-0.0289604,2.0006492,-1.4752031,0.65757689,0.48325204,0.28073828,1.2007227,-0.9323606,1.3911761,-0.6550161,1.5247912,-0.3713592,-0.0821816,0.28855577,0.6211079,2.2640839,0.48932188,-0.585644,1.0931409,1.4199707,1.1860146,1.5227939,-1.33503,0.00112128,2.1873914,2.4356981,1.9688709,0.07785961,0.37156723,-0.1147197,-0.1173008,0.29187016,0.2402528,0.03422255,-0.3919744,-0.1557958,1.0146686,-1.7648099,2.261217,-0.5899851,-1.1724408,-0.791964,Colon
-0.7738521,-1.1576098,0.19367327,-0.3922823,0.26906752,-0.2966775,0.6476295,-1.3892077,-1.2947378,-0.4314265,0.34458812,-0.161194,-1.4910169,0.5997668,0.58922367,0.53954544,-0.3558975,0.51950285,-0.3741477,-0.7384653,-0.1005618,-0.0663399,-1.4026401,0.93667124,-0.8654687,0.42987096,-0.8521753,-1.3850459,-0.3967693,-0.8565742,0.7480048,-0.014264,-1.5297784,0.06544049,0.91588085,0.84999862,1.0090649,-0.2910887,-0.0563237,1.2408465,0.12449427,-1.0154594,-0.2791889,-0.3689199,-1.2724547,0.62913602,-1.0328123,0.29797001,-0.1820476,-0.6319903,0.66521137,-1.1117513,0.72747203,-1.3265404,-0.6409855,1.3293076,-0.4351176,0.89752199,-0.566806,0.9285714,-0.8563586,-1.3811197,1.0980358,0.08928799,-1.0558227,-1.2494184,-0.3859793,1.0776593,-1.1123528,-0.7117937,-0.7933222,-0.8232134,0.49909583,0.61200109,-0.6294257,0.4039153,-0.3726658,-0.6743857,-0.5940806,-2.0444411,-1.9052434,1.2348561,-0.6334413,-0.3274414,0.34896017,0.23837351,-0.4242331,0.29813705,-0.3812703,1.0471879,0.87718375,1.0115268,Colon
1.22399,0.96122233,-0.4169017,-0.0729355,-0.6445921,1.3709007,-1.3836779,0.72029319,1.1225917,1.3858228,0.18257899,1.0221927,0.54243726,-1.1652438,-0.5512226,-0.8377016,0.4385806,-0.4031076,-1.5674924,1.2943579,-0.6020581,1.2795398,1.0266739,-1.3921775,0.56418357,-0.6301092,1.47562,0.89060404,0.915597,0.85741481,1.1758718,-0.888463,0.75265299,1.320518,-0.2183116,-0.7314494,-0.125527,1.0924415,1.4259703,-0.3013914,-0.8956537,0.96844609,0.26624261,0.35619284,0.50990324,0.38477094,1.2896504,1.6949531,0.09280619,1.9591961,-0.9209662,1.7482467,-1.5218543,0.8005115,0.13670309,-0.8169049,2.1388884,-0.7221999,-0.2890431,-1.4615164,1.6180597,0.11923283,-0.6421204,-0.6334181,0.79518975,1.2102738,0.56056353,-0.4950692,0.55988736,1.713836,2.090424,0.6943193,-1.5755049,-2.543023,1.0954679,1.6246622,1.1847969,0.77819475,-0.0067142,0.7653776,1.0273937,-0.962894,1.5050491,0.26180798,-1.0295451,0.03295162,0.13562258,-0.9100615,1.7273112,0.11860486,-0.6067571,0.0329446,Colon
-0.3545809,1.2104265,-1.1588717,-1.1003839,0.00199874,-0.5106339,-1.5166463,0.97581525,0.94306449,0.90893076,0.082279,-0.8036363,0.98473886,-0.6896341,-0.8071617,-0.8805352,-0.8851254,0.47317714,-0.9129359,-0.618284,-1.8531084,0.20618847,1.4091342,-1.8530349,0.15398261,-1.8430077,1.5761835,1.2291955,1.0080651,-0.5760727,0.62380244,-1.309105,0.9497114,0.04547734,-0.1863418,0.03262926,-0.105927,1.7160791,0.45156796,-1.4401427,-1.2046147,-0.0955916,0.31015951,0.70168748,0.56588325,0.38710944,0.80287342,0.91745724,-0.6816255,0.72178771,0.23118655,2.1008425,-1.7110917,0.79256337,1.2679733,-0.4546642,0.84314961,-1.4707623,0.52091923,-1.4223082,-0.2106128,0.32577294,-1.1656764,-0.0093841,0.01396073,0.50859697,1.096043,-0.4682009,2.0489585,1.7757565,1.1182581,-0.1651177,0.47807462,-0.5808554,1.1184748,0.47833877,1.6332394,-0.6053607,-0.7449072,0.44124006,0.71035234,-1.4721622,0.13033258,0.17460526,-1.4972114,-0.5900365,0.19860634,-1.011318,-0.2579129,-1.0787711,-1.6445875,-2.1357405,Colon
-1.291515,-1.7652979,0.95717352,-0.7186009,0.07179352,0.03628055,1.4579027,-2.4760743,-1.9718954,-1.1144752,0.20287439,-0.1485993,-1.3568778,0.99910103,1.0491542,1.1112479,-0.2499406,-0.6894381,0.2538865,-1.5733734,0.68506612,-0.4766733,-1.6618637,1.130245,-0.0300457,1.0102949,-0.9477511,-1.693918,-0.2624396,-0.3817312,0.92860287,0.13082014,-1.3137996,0.03615694,-0.1215961,1.3896642,0.28123866,0.10188693,0.72323629,1.5780082,0.19274209,-0.7172174,-1.784358,-2.1866535,-1.7514886,-0.0125887,-0.7073464,-0.757689,-0.4306224,-0.3568544,2.1614169,-1.0023476,0.43107227,1.043484,-2.0043662,1.5823107,-0.063248,1.3392669,0.15257607,0.91902625,0.54808625,-1.3859164,1.3915251,1.0079905,-1.4811057,-0.1937851,-0.5331245,1.7836989,0.16791775,-1.7687456,-0.5348658,-0.7112267,0.87613545,1.0488812,0.29183275,0.13009211,-0.0492726,-0.1871901,-0.2377725,-1.157735,-0.5635325,1.2369688,-0.0487454,-0.553873,0.45411479,0.81742677,-0.0735003,0.75528051,0.14922437,0.43078195,0.84164836,1.5441078,Colon
1.2282002,1.1044443,0.68901665,-0.247552,-0.1802254,0.98795267,-1.165176,0.94428756,0.98109014,1.2105861,0.084086,0.2008927,1.1988869,-0.7012857,-0.158315,-0.5239838,0.56356763,0.54133333,0.47408122,1.6030628,-0.7511311,1.0413069,1.3291756,-0.6632676,-0.3464058,-0.6001042,0.29762231,1.7453371,0.56602282,1.0973207,1.0122651,-0.4708946,0.65367905,0.91827628,0.36681541,-0.332093,0.18694281,0.85071444,1.3006361,-0.9580065,-0.694028,0.68659595,0.53393577,-0.1986355,0.9100067,-0.0799883,0.91101433,0.94068388,0.63297065,1.4701384,-0.3224664,1.3431738,-1.2267632,0.47534018,0.67897412,-0.7902627,0.74406443,1.0252613,0.52200753,-2.4762256,1.1914163,-1.2363845,-1.673477,0.9403114,-0.0113355,-0.5333222,0.36183294,-0.7068874,-0.011711,1.9510908,1.4332778,-0.0351613,0.48285049,-0.588263,0.66948103,-0.3199227,1.0481142,-0.2349023,0.11442891,1.2871331,1.6404199,-0.9739405,1.3336332,-0.5367741,-0.4858878,-0.0083893,0.49291206,-0.9718851,1.0608516,-0.0533932,-0.7869418,-0.5092479,Colon
0.85386105,0.40889643,0.07476738,0.25889105,0.17327994,0.50401778,-0.1387507,0.8573308,0.43459609,-0.3236539,-0.3032677,0.56863303,0.22071387,-0.371456,-0.091052,-0.4141403,0.5634851,1.1349801,-0.3177446,0.32644136,-0.5451224,-0.3753719,0.44993231,0.12371047,0.40672893,-0.4977063,-0.2954089,0.34860228,1.6763364,0.60425899,0.86009641,-0.4972824,1.1662294,0.45248368,0.12539033,0.00359743,-0.4692591,0.52916059,0.12850568,-0.4597492,0.78954038,0.01678944,0.91896543,0.69450993,0.00178676,-0.165093,0.95479382,0.10507255,0.61859229,0.66297199,-0.1853454,0.21786653,0.06485624,-0.2387612,0.09078644,0.36098375,-0.1731505,0.83290764,0.17111802,-0.9009594,0.03640572,0.51067779,-1.166676,-0.5609051,0.49320938,0.38439526,0.27174484,-0.4134067,-0.0795943,0.79187148,0.85594704,0.80032939,0.92525352,0.30325328,0.12729178,-0.3131186,0.5420922,-0.3492654,1.0759895,0.29504526,0.97756005,-0.8662262,0.49309044,0.79821354,0.45818908,-0.2097828,0.20337455,0.29224844,-0.0144863,-1.1524728,0.15756659,0.18058165,Colon
-0.894582,-0.3754575,1.7028386,-1.5806937,-0.5429273,-1.5853663,1.0492058,-0.6865914,-0.1422943,0.14614195,-0.0760518,-1.3259214,-0.543524,1.6472563,1.5454767,1.7217753,-1.7441011,1.3258438,-1.9682361,-0.5264957,0.72892722,-0.9733101,-0.2465851,0.85628147,-0.9628224,0.30747168,-0.1204097,-0.3321514,-0.8034123,-0.4711224,-0.3396122,0.95081336,0.04258668,-2.0346525,1.9212045,1.2946506,1.890807,-1.053043,-2.4814932,0.9931731,-0.5928808,-2.6147983,-0.8931214,-1.012744,-0.5568165,0.67170599,0.11052161,0.44712488,-0.8902382,0.56205558,1.8275059,0.26262281,1.0268793,-1.5515947,0.52250806,0.69058214,-0.7741697,1.3051341,-1.6355988,1.0484418,0.21799535,-1.2594068,1.4246037,-3.9621462,-1.3299812,0.30342101,-1.0089707,1.3921049,1.5093637,0.24514891,0.98913301,0.5193598,0.81837409,0.37445302,-0.5983106,0.06350852,-1.0088635,-0.7990121,-1.3312445,0.14691414,0.01307588,1.3693015,-0.9192194,-1.2898102,1.7097263,2.0081583,-1.0036329,0.65108506,0.91812626,1.3653521,1.0837252,1.2430065,Colon
-0.9231331,-0.8809542,0.202636,-1.407803,-0.8852778,-1.326056,0.82481475,-0.6150631,0.04325113,-0.1350515,-1.0719193,-0.8412621,-0.5251468,-0.1794063,-0.088163,-0.1330004,-1.2510442,-2.3601863,-1.5252243,0.07474138,-0.7435722,-1.8458982,-0.4750088,1.0038514,-2.7911644,-0.2122137,-0.7438369,-0.1997525,0.85100132,-0.7146886,-0.681655,-0.8319774,-0.6389595,-1.2759056,1.7542248,0.72936531,1.8341396,-1.1402247,-0.5535605,0.58770938,1.6160993,-0.9962141,-0.0819365,0.01876342,-0.0135423,-1.0297839,-0.1503937,0.23204112,0.34507635,0.18511824,1.6908361,0.35383704,2.7135104,-2.0069692,-0.4641071,-2.210944,-1.3780788,0.48864091,-3.8409897,0.44957795,-0.0687895,-0.2666586,0.84106778,0.04449849,-1.2287693,0.28647514,-0.7736056,-0.6011764,0.91936369,0.04190593,0.98721041,-0.0269701,0.40689027,1.2014844,-0.6776068,-0.9339684,-0.9312129,0.52549869,-0.4963868,0.0190217,0.07203268,-0.0073418,0.79242598,1.675147,0.58285074,0.62967256,-0.7294091,-0.1325736,-0.7486627,-0.2431541,1.3312826,0.32108996,Colon
0.11696588,0.07856805,-0.4348788,-0.0614268,0.90381351,0.48712346,-0.3887752,0.2218586,0.16619213,0.43454262,-0.4835022,0.9894655,0.43360714,-0.9502422,-0.8130056,-1.0610697,0.60029107,-0.6266119,0.25426109,0.35182258,-0.0040368,0.87983935,0.18157174,0.22121041,-0.4726143,-0.5616702,0.46110264,1.3687276,1.1850861,0.18976778,0.87815956,-1.2992999,0.62374148,0.42692687,-0.9943196,0.60392555,-1.2770033,2.2528366,1.4545148,0.5163889,0.40909944,0.92850021,1.5068832,1.3411085,2.0262672,-1.3158943,0.43678518,-0.7808187,1.6069575,0.26295259,-0.711353,0.73285151,0.46056578,0.26425554,0.15749874,-0.3527948,0.6684655,-1.0518477,1.0940761,-0.3008881,1.2309226,0.80349099,-0.942649,1.1094134,1.3409969,1.1287134,1.1548532,-1.743259,1.1581777,0.66635196,0.50381771,0.21523589,0.77077518,-0.9800609,0.03503298,-0.6379292,0.64979676,0.85739445,1.3287884,0.29311197,0.20300771,-0.7171842,0.23040552,1.728308,-0.00594,-1.2617932,0.47787996,1.0507154,0.05438589,-1.645171,0.48966096,-0.2635923,Colon
1.1862536,1.1695903,0.58160964,0.50629995,0.40891434,1.1061424,-0.4885847,1.1155029,0.36033847,1.3418607,1.3281439,0.67667187,1.4137158,-0.6027572,0.09452403,-0.4636488,0.10867214,-0.5088177,0.57413115,1.7709375,-0.500565,1.2342163,0.4289503,-0.3936695,-0.2304756,-0.5508953,1.5758879,2.0190464,0.16183441,0.83678531,1.0186347,-0.8201353,0.70678104,0.73960863,-0.6727212,-0.117874,-0.5179348,0.63018837,-0.0341628,-1.0167857,0.37884504,-0.0033162,1.1510758,1.6544469,0.77565515,0.32209977,0.79011457,0.6399824,1.051483,2.0911805,-0.4376478,0.62452468,0.23662529,-0.6005304,0.52196661,-0.8230896,-0.814265,1.4694459,-0.7237888,-0.9162168,1.8130384,0.14396538,-0.230326,-0.1580722,0.16773572,1.7191511,0.08677023,-0.1317276,-0.2697912,1.1517086,-0.0886949,-0.2060071,-0.3023577,-1.5212471,0.95923282,0.42275964,1.6195778,0.84789476,0.69185963,0.64354706,0.81545133,0.07358131,0.69429227,0.60605239,-2.5383994,0.24919282,-0.1211727,0.49172766,1.0157722,-0.7590373,-0.2836338,0.06585166,Colon
-0.3314234,0.23227401,-0.5237201,0.55049342,0.3362349,0.88627525,-0.4242984,0.28176344,1.5890145,1.1140007,-0.2032886,1.3102127,0.16636907,-1.0527221,-0.7834292,-0.9228842,0.24221488,-1.2947141,-0.0162721,1.3659761,-0.2121729,1.5671776,0.06609959,-0.3985913,1.0919881,-1.2884143,0.9868912,-0.0410184,0.56606064,1.421182,1.8535832,-1.6171481,0.65660189,0.75915402,-0.1063538,-0.6813536,-0.686564,1.5904415,0.82073489,-0.3859807,0.67986674,0.78294673,0.58405557,0.80841421,0.05915661,-0.9944308,0.48229483,2.1681476,0.43033109,1.0877199,-0.4500136,0.7371821,-0.0169299,-0.9913042,0.52195061,-0.5348916,0.98111022,-1.0123569,0.34803512,-1.0817572,1.3108603,1.5133835,-0.3983546,0.29208872,-0.0306416,1.1777144,0.53243221,-0.4499333,0.64282167,1.0998424,0.79548761,1.1970187,-0.3294367,0.19063759,2.2718458,0.93817958,1.2437285,1.1653795,1.2271705,0.45993501,-0.2124453,-1.1438005,1.5528709,-0.0841735,-0.5478101,-0.8861491,0.69645415,-2.2045885,0.10117888,-0.4968861,-0.2101611,-0.3480014,Colon
-0.9603408,-1.4535019,0.62715019,0.27333943,-0.4336391,0.60362287,1.5409214,-1.2667668,-1.9843242,-1.2707925,-0.3478712,-0.0485968,-1.2277576,1.213669,1.0688541,1.2342462,0.24233498,0.68268628,0.93384695,-2.1335055,1.6790276,-0.2547642,-1.1239381,1.5104391,0.01487614,1.5904705,-0.8527832,-1.3405056,-0.3144874,-0.0409307,0.78001906,1.5472882,-0.9631092,0.25516812,0.11693188,1.7680168,0.39587316,0.01666134,-0.1798781,0.96791906,0.56387737,-0.2282225,0.91537035,0.55259572,-0.9161746,-0.126556,-1.400772,-0.8531777,0.04895123,-1.651784,1.1041294,-1.4240252,1.1004136,0.46721239,-1.0968358,1.4673369,0.01300456,1.1541646,0.06288481,1.5470331,-0.7036656,0.6754006,1.5956891,0.82175108,-0.5961119,0.52480477,0.27781675,1.0641351,-1.8678508,-1.1446902,-1.8471696,-1.8455185,1.0671491,1.138598,-0.0007639,-0.347725,-1.4536195,0.69465321,-0.2874035,-1.000085,-1.2771499,1.1064677,-1.5956263,-0.192355,1.159185,0.73964591,-0.9598026,1.1165056,-1.2590968,-0.2557702,1.5006387,1.2755417,Normal
-0.6472015,-0.597915,-1.257455,0.63890706,-1.4586441,0.70358327,1.0570386,-0.5230989,-0.9659945,-1.3677121,-2.3041967,0.43239883,-1.3974236,0.37907877,0.55351925,0.38521599,0.39051819,0.61540241,0.10785222,-1.1378445,0.84669198,-0.6328851,-0.900969,1.2608535,-0.8667332,1.1683166,-1.3205832,-1.1566146,0.32897437,-0.0271157,-0.5927864,1.0210194,-0.6488903,-0.4047853,-1.1840325,0.93240268,-0.9630707,-0.7484665,-0.5113098,1.1574943,1.2082963,-0.1561072,-0.1956103,0.09697717,-1.6035434,0.84037277,-1.3106702,-1.1968195,0.30037087,-1.2714585,-0.5396914,-1.5671158,1.4693766,0.32336746,-0.717561,0.52916748,-0.610373,-2.4798263,-1.1195532,1.4034904,-0.4712066,0.8513977,-0.1729385,-0.6226759,-0.8561812,-0.4547357,0.08885967,-0.2290571,-0.8955095,-0.9096036,-1.7315842,-0.9507529,1.7729711,1.9720309,-0.1278977,0.6301819,-1.0604322,0.70151161,-2.5492389,-1.7569272,-1.3409721,-0.0595349,-1.6672948,0.81400692,-0.3932724,-0.4135314,-0.7999526,1.5549364,-1.8877751,-0.3494499,1.1343001,0.53266427,Normal
-0.2866347,0.03439937,1.7879864,-1.6675328,-1.5093687,-2.0794088,1.1441396,-0.1284248,-0.6759281,-0.170368,-1.3798007,-1.6849816,-0.3711345,1.9918235,1.6815615,1.9867476,-1.0545002,1.6490108,-1.3293454,0.24064388,0.66542577,-2.1338234,-0.5925311,0.21600962,-0.735048,1.0071318,-0.7477746,0.04992646,-1.5376097,-0.8045033,-1.6128106,2.0419064,-0.7800469,-2.5245995,1.7283173,0.33095426,1.5165127,-1.5702376,-2.3304044,0.82707161,0.2021843,-2.0598279,-1.8124352,-1.3623893,-0.5408176,1.4407147,-0.8603475,-0.4365862,-3.1430477,-0.0580436,0.86870125,-0.6001932,0.11077664,-0.2087186,0.51220394,0.58708433,-1.2572986,0.84536306,-0.2958553,0.82100972,-1.0052168,-0.994765,0.927052,-1.8483332,0.78198244,-1.68692,-2.1939895,0.97477804,0.21468615,-0.9356554,-0.0766472,-0.695301,-0.5880299,0.09020638,-1.170272,-2.5579121,-1.2119067,-0.9228735,-1.2193198,-0.6484139,0.45558238,0.76833711,-0.3776614,-0.4080396,1.3712747,1.6081855,-3.3029607,-0.3351705,0.45881615,1.839113,0.40844672,0.48611916,Normal
-1.2616265,-1.2531329,0.24319275,-0.7738624,-2.5115602,-1.9947425,0.72484561,-0.2988661,-0.5429563,-0.7021014,-1.5590507,-1.0059283,-1.2743093,1.8047223,1.9394835,1.7003258,-1.838948,0.17194267,-0.6859374,-0.280589,1.1827757,-0.7294968,-0.4706215,0.5093595,-1.6037069,1.0481419,-0.8855882,-0.5740567,-1.8516226,-1.593629,-1.137949,1.901859,-0.8983504,-1.4776008,0.76236536,0.89782143,1.0664878,-1.4071685,-1.7924275,0.49949629,0.10210929,-0.7139369,-2.4233309,-3.1155729,-0.8432384,2.3099799,-1.2533684,-0.4370119,-2.2065467,-1.2966295,0.6383462,-1.1746477,0.400402,-1.4873525,-0.8969174,0.81254674,-1.1648446,0.02208788,-0.3549048,0.91198174,-2.1499972,-1.1845248,-0.018235,-1.1013667,-0.3470183,-1.2914075,-1.3518383,0.21145726,-1.017655,-0.8234856,-1.1065945,-0.614363,-0.2104011,0.87092858,-0.6244251,-0.7703873,-0.5049214,-0.3357643,-1.9453271,-2.2181762,-0.5898757,0.06100711,0.38430883,-1.0610579,-1.3057516,-0.9433407,-0.9091974,1.3827216,-1.2516207,0.97875429,0.54954859,0.60294645,Normal
-2.1178208,-0.4763078,1.0384814,-1.6965064,-0.012918,-1.7597547,0.87955042,-1.2821641,-0.7258717,-0.8259175,-0.0740056,-1.5296839,-0.414168,1.7272082,1.6806074,1.723687,-1.689101,1.3527217,-1.2424811,-0.8703319,0.71661912,-1.8050766,-1.0059904,0.81493655,0.45607116,1.0951626,-1.3637692,-0.9325783,-0.9899626,-2.2095675,-1.5898613,1.8782739,-0.8079581,-1.0545155,0.93860389,0.87321202,1.0646009,-1.7489381,-0.8593905,-0.0406559,0.15403791,-1.0416237,-1.6702302,-1.2621198,-0.4910708,0.76310437,-1.217192,-0.1533834,-1.8949648,-0.6914857,1.5184918,-0.6649481,0.19458395,0.34299465,-0.0880958,1.2274063,-1.483482,1.1801412,-1.1637684,0.89335097,-2.3180153,-1.2746402,1.2990927,-1.4207034,-1.0246323,-1.7214406,-2.3852716,0.88019638,-0.4069727,-1.5699025,-0.931831,-1.524211,-0.0500741,-0.2935618,-2.445127,-1.3568734,-0.984451,-0.7764605,-0.5191703,-1.1675485,-0.7038508,1.5423471,-0.830109,-0.7279134,1.4598411,0.99194307,0.11878694,0.0105585,0.35191312,0.9411066,0.0653182,-0.0100237,Normal
-0.971904,-0.3247344,0.03902838,0.35991093,-0.6389865,1.1489695,1.6209807,-0.7585095,-0.4577608,-0.6815211,-1.1548394,0.96033806,-1.1232609,1.5400309,1.2650058,1.4732876,0.67378792,0.25690189,0.4671315,-1.7698517,0.40970275,0.17864936,-0.7886879,1.1447922,-0.8999183,1.6521608,-1.1432805,-1.2613548,-0.788644,0.67562291,-0.0552043,1.9398807,-0.8348729,-0.9129439,0.70908105,1.2531482,0.78124698,0.37671005,0.80959272,0.86262541,0.61896433,-0.5029249,-0.0645948,-0.7587839,-0.6934866,0.75306023,-1.4685249,-0.9184165,-0.4514649,-1.3558084,0.75013565,-0.912816,1.6181314,0.51134313,0.07172724,0.9353946,0.16154267,0.13855901,0.00044803,1.6146611,0.80921544,1.3793819,1.020417,0.7182945,-0.6730335,0.60068075,-0.7779985,0.40035704,-0.0337085,-1.1395926,-1.4376671,-1.3553951,1.3398168,1.1926849,-0.710252,-0.721237,-2.2852604,0.49385153,-0.7618002,-1.0186039,-1.0111587,0.57128978,-0.3950762,-0.0083129,1.444486,0.80425043,-1.1260896,1.1485176,-0.9966573,0.64151427,0.8605568,1.599202,Normal
0.51462845,0.35223739,1.4817906,0.10579935,0.70506452,-0.4621939,0.89706635,-0.0540884,-0.7896236,-0.988809,-1.3267554,-0.629574,-0.0552738,1.57658,1.2763751,1.6024079,0.03765124,0.78897082,-1.1663256,-0.9210997,1.0258812,-1.0999292,0.19627978,1.0041963,0.71994899,2.0615075,-0.7857674,-0.3639252,-1.2351616,-1.1407173,-1.3602123,1.8016842,0.02193697,-0.117593,1.0568581,1.0693819,1.0507848,-0.9249315,-1.3678755,0.86068426,0.56355171,-0.51124,-0.6477137,-0.3884028,-0.2777508,1.4913948,0.00340244,-0.1914233,-0.5471966,-1.2711515,-0.2139108,-0.6869773,0.42713407,-0.9158762,0.27119454,1.0703406,-1.3059302,0.52566349,-0.8182463,1.6862471,-0.4700082,-0.3844053,0.72454662,-1.2004527,-1.3219845,-1.9785749,-0.2032128,0.91645885,-0.7136421,-0.8759506,-1.2282043,-1.795917,0.93178926,0.83887691,-0.3373607,-0.9114065,-0.6184142,-1.1701917,0.20272575,-1.0791042,-0.9025103,0.63475218,-1.2807495,0.24917907,0.79272303,0.86384771,-0.0986486,0.0529855,-0.8437927,0.81945122,0.57346068,0.83890794,Normal
1.0356987,1.0174746,1.4669057,0.56466345,1.2890665,0.41436922,0.06284345,1.4836356,-0.5129402,-1.8621765,-1.686066,-0.1189165,1.7392089,0.51756853,-0.8835747,0.37270071,0.81319862,0.26106229,-0.8425883,-1.3336156,0.42013231,-1.9014256,0.97944184,0.00522738,1.0089512,0.73984328,-0.0519168,0.57306268,-0.6124904,-1.8778009,-1.9244905,0.3695798,0.10414105,-0.7554324,0.47517025,-0.2793609,0.41140064,-1.4977554,-1.0260844,0.74037182,0.30779183,0.08774943,1.0983458,0.97769466,-0.5356783,1.4244265,0.09250965,-1.1938346,0.08632742,-0.4796982,-0.6455571,-0.5979934,1.0658656,-0.8855682,0.67530655,-0.5812744,-1.1142691,0.7873999,-0.7753619,0.49041437,-0.5585033,-0.1994945,-0.3081609,-0.2859115,-0.2420518,-1.3370263,0.05085284,0.26648939,-0.4009079,-0.4388434,-0.9065363,-0.7732237,1.4406731,1.8142518,0.00147804,-0.990881,0.14625731,-1.3842647,-0.1718452,-2.3554356,0.59066562,0.03954459,-0.8245018,0.35308959,-1.1269899,-1.2228554,0.92092724,-0.1214364,-1.3564713,0.3425549,0.11931013,-1.4250016,Normal
-1.5906429,-0.1313082,2.1219362,0.25089083,-1.9738731,-0.3355342,-1.474342,-0.6819792,-0.872438,-1.1530096,-1.9095153,-0.3159951,-0.4717497,0.40771188,0.14151124,0.38656522,-0.0528827,0.96597614,0.36982337,-0.7069542,2.908034,0.77437373,0.82634991,-0.8923965,-0.0885534,1.631473,-0.7753563,-0.562341,-1.5894221,-0.7378883,-0.4896574,0.49390032,-0.3142543,-0.3870146,0.26628904,-0.720755,0.46295997,-0.9138382,0.45644609,1.0898483,1.0571911,-0.5144786,-1.6163819,-1.1254953,-1.0062178,2.1397455,-0.3712913,-0.8356605,-1.0602196,-0.0290965,-1.4030768,-0.5298034,-1.5451056,0.94269617,0.14490786,0.87053412,0.04279289,0.77092299,0.44990341,-0.1544817,-1.0634673,-1.0571044,0.20074569,0.64504726,0.26788028,-0.2006089,-0.5166416,1.3842613,-0.6881741,-1.8158315,-1.3866424,-0.410646,0.41770535,0.09746391,-0.7743004,-0.0887871,-2.0194547,-0.9312217,-0.7964694,-0.6538325,-1.7205388,0.32890192,-1.2140822,-0.9026898,-0.6185512,0.52362055,-1.9122185,-0.1583975,-0.2337072,2.1605722,-0.2700246,-1.0032709,Normal
-0.9769146,-0.1493913,1.8270092,-1.2746286,-1.1497794,-1.6653454,0.10722996,-0.1346413,-0.8526322,-1.1122089,-0.9684362,-1.4695518,-0.4925953,1.7409805,1.7670163,1.641888,-1.1296701,1.6549527,-1.551126,-0.0313776,1.2241874,-1.5711043,-0.5923583,0.04431236,0.10574006,1.4847154,-0.8939065,-0.2632716,-2.4425014,-1.2370017,-1.9283921,1.8606866,-1.1644696,-1.2526667,0.96571573,0.22353165,0.99028397,-1.4833229,-1.2928454,0.48504576,-0.5524614,-0.9981584,-2.0217059,-1.5687054,-0.1889017,2.0881892,-0.2920861,-0.3546317,-1.8291543,-0.86256,1.1862305,-0.4467593,-0.417838,-0.4261111,0.33694848,1.0513205,-1.432395,1.0346933,-0.6235364,0.50458129,-1.71838,-2.1513231,1.1679279,-0.8433007,-0.0161625,-0.5224143,-1.7861472,1.4376596,0.08180561,-0.4790354,0.16208059,-0.9575729,-0.8817238,0.22189259,-0.6471964,-1.4090818,-1.1722713,-1.314551,-1.2669519,-0.5542543,-0.4548852,0.96648062,-2.7449537,-2.2095255,0.46822736,1.1805768,-0.6596755,-0.3949899,-0.1913246,1.7040532,-0.262746,0.52249386,Normal
-1.7992959,-1.6283673,0.12046622,0.157383,0.09215689,-0.9855339,1.1428112,-1.6481858,-2.0218087,-2.020618,0.26353592,-0.8259453,-1.4471522,1.0622459,1.0970414,1.244916,-0.6068422,0.61293279,-0.3105897,-1.5162742,0.46366777,-0.3655336,-1.8655987,0.99426837,-0.313034,1.4670446,-1.9568294,-1.7316954,-0.6328638,-1.6506166,0.15816609,1.260665,-1.3972341,0.47244337,0.23277741,0.89830876,0.35644734,-0.314135,-1.5624387,0.92756239,0.66073184,-0.6428818,-0.8761876,-0.8701104,-1.4514621,0.45437965,-1.2654774,-1.5639223,-0.7977379,-2.2402066,0.75590479,-1.554835,0.58634803,-0.2449171,-1.3008557,1.1442559,-0.5005259,0.37656669,-0.0968034,1.2462882,-1.4093442,-0.1659483,1.405971,-0.2442339,-0.296598,-1.4027787,-0.3784108,1.2143766,-2.4830014,-3.182544,-1.968351,-1.7601588,0.81308815,0.04363213,-0.9940249,-0.7826271,-1.2946748,-1.3878562,-0.5119282,-1.5637715,-0.921976,1.3023161,-0.5974417,-0.1767962,1.075337,0.24724652,-1.2365209,0.44629964,-2.711405,2.1660008,0.85493237,1.2064917,Normal
-0.9101016,0.07452809,2.0709573,0.21092824,-0.5598567,-0.8480826,-0.9904472,0.14622028,-0.9654957,-1.19114,-0.0969528,-0.8360497,-0.6709757,0.67668509,0.00507847,0.62200517,-0.7543503,0.71156321,-0.4327593,-0.6980905,2.3648049,-0.1115334,0.59595113,-0.7599119,1.5601881,1.3999943,-0.6079416,-0.4774692,-1.740284,-1.1978295,-1.3505061,0.63939377,-1.4777251,-1.2448689,-0.3927448,-0.2204298,-0.1289274,-1.8590547,-0.6485184,0.85019677,-0.032257,-0.7817829,-1.5331146,-0.9479885,-0.7134763,1.2378532,-0.5995931,-1.7843663,-1.041757,-0.7689102,-0.1898762,-1.75144,0.56041044,-0.5102607,-0.3519741,-0.7262102,-1.39786,1.2412166,-0.7397141,0.21206322,-2.2353048,-1.1443692,0.23459714,-0.7369756,-0.6153968,-0.6400861,-1.6324916,1.3265413,-1.7842735,-0.6221823,-1.9712912,1.3399639,0.35555894,0.46312863,-0.9193353,-0.436401,-1.8485584,-1.0059182,-0.7094854,-1.0176254,-1.0975079,-0.0830427,-0.6645601,0.03763432,0.28202317,-0.1265834,-0.3158155,0.71427287,-1.003252,1.5194953,-0.4771243,-1.3928915,Normal
-0.7296247,-0.8030671,1.1066301,-2.0458384,0.07840973,-1.0037855,1.6557212,-0.7385481,-1.6127716,-0.4985471,-0.3059441,-0.4803742,-0.9796013,1.5598885,1.4268048,1.6395881,-1.0048182,1.0671739,-1.6522664,-0.605423,1.3755598,-1.3387416,-0.7481824,1.2724776,-0.3701202,0.53731975,-1.1403558,-1.0193658,-1.258686,-1.5189745,-1.6050559,1.3287188,-0.651383,-1.365499,0.91128042,1.6812897,0.74111269,-1.7432071,-0.7426696,0.84121711,1.0546765,-1.8177853,-1.159742,-0.6647664,-0.7873829,0.796628,-0.1749819,-0.8306164,-0.5995486,0.0314888,1.2943334,-1.1457464,1.2983184,-1.1630743,0.12149728,1.2721663,-2.3415249,1.4656008,-0.9889256,1.5009816,-0.9740947,-0.357774,1.3249448,-0.6295104,-1.5222793,-1.5472487,-0.5535933,1.6046042,-0.6027074,0.16139192,-0.4093742,-0.9902817,1.3849229,1.3252953,-2.0663482,-0.5934062,-0.465053,-1.2752674,0.25797077,-0.1650844,0.24938183,1.5777332,0.25821737,-1.9265237,2.3171548,1.3879994,-0.6518273,0.76922188,-0.2805698,1.2235346,1.1042509,0.77661929,Normal
-0.8690008,-1.4394042,0.92464356,-1.9240742,-2.48402,-1.3948336,0.90565062,-0.8398086,-1.220607,-0.3535026,-0.9725601,-1.7078501,-1.2575051,0.92675786,0.85359586,0.92847822,-1.9705165,1.6206497,-1.1709309,-0.4497944,1.4716043,-1.1664453,-0.3172791,0.95367638,-2.2330117,0.35895809,-0.4485854,-1.0440104,-0.5961679,-1.3486673,0.00646646,0.10499977,-2.1472118,-1.0342382,2.0700305,0.86643297,1.8631327,-0.1360687,-0.3336977,1.3016446,0.22737112,-0.8852021,-1.3719556,-0.3574755,-1.4159476,0.51536172,0.26161344,-0.2847781,-1.0827449,0.09847221,0.65106902,0.13497119,0.44960648,-1.014063,-0.631204,1.2750533,-0.5858651,0.20777116,-0.1687247,0.41244781,-0.9962871,-0.9199678,0.64032486,-0.2298471,-1.1736773,-0.556257,-0.6448679,1.0964264,0.98913111,-0.412827,0.47300223,-1.5597169,1.0633994,0.16409821,0.16535934,-0.508929,-1.302476,-0.4857408,-0.6717306,-1.1761102,-0.0319688,0.60374051,-0.4581206,-4.4322389,1.2662399,0.96574855,-2.7575101,0.28189486,-0.3367461,1.2322581,0.84208752,1.0865576,Normal
-0.8750619,-0.4592233,0.58872282,-0.7638293,-1.1027628,0.37101135,1.1653107,-1.0272368,-0.2898106,-0.2414835,-0.3057864,0.69250272,-0.262185,0.08463414,1.6022467,0.30920737,-0.1098189,0.84971341,-0.0330632,-0.8657429,0.90162296,0.48297383,-1.2041229,1.06604,-1.0945696,1.6286957,-0.4123937,-0.6759216,-0.5625269,-0.1660249,0.81599787,0.93818403,-0.9295602,-0.2561709,0.69704497,1.413118,0.81578616,-0.0347981,0.45132014,1.1012281,0.01565982,-0.4804165,-1.0880976,-0.7635745,-0.6352307,-0.7792012,-0.6228448,0.306351,-0.2880371,-0.4347707,1.7883751,-0.1533114,0.61062927,-1.4949937,-0.6289571,0.86234049,-0.3647656,0.56840281,-2.1339001,1.3218229,0.57073295,-0.3965938,1.8869113,0.7041324,-0.6905761,0.49261372,-0.3492522,1.1484231,0.55527724,-0.4960922,0.09982132,-1.2856921,0.13688896,1.0157003,-0.3968368,0.63145361,-0.8860085,0.47148261,-2.0285529,-0.335313,-2.8670286,1.2041791,-1.1848187,-0.2485755,0.90155624,2.1878952,-0.4319274,1.4660047,1.2993986,-0.3617746,0.72866605,1.9348937,Normal
-2.0889296,-2.1454035,0.80938268,-2.3253106,-1.4429096,-1.369129,0.99825301,-1.744827,-0.8685755,-1.3723567,0.60346677,-1.3510681,-1.9747986,-0.4338636,0.71162011,-0.2861558,-1.6968628,1.3562627,-0.9339545,-1.8464396,1.1756322,-0.8750738,-1.5730208,1.0051441,-1.1464418,-0.0470481,-1.4413155,-1.8445282,-1.0499732,-1.0360754,-0.5160295,-0.4015356,-2.6032607,-1.5649414,1.3233613,1.1266973,1.0014915,-0.8253585,-0.0591663,1.2744759,0.12864535,-1.8919346,-0.2133462,-0.6310016,-1.209055,-0.8282847,-2.0363288,-0.0606182,-0.2353176,-0.4931984,1.8950236,-0.6171643,0.5125459,-1.6059331,-3.2778442,1.5531981,-0.7073046,2.0426153,-1.517553,0.93086969,-1.1244089,0.81311451,1.6837709,-0.1168967,-0.881886,-0.4153072,0.37661024,2.0678292,0.48942586,-1.0678272,0.13741324,-1.3383485,0.93524737,1.2175424,-1.3733088,-1.0593159,-0.6911611,-0.0824794,-0.9911667,-0.3119863,-2.0486416,1.7237313,-0.9541281,-0.1975532,0.96863858,1.1709718,-0.8034601,1.1923483,-0.6485733,-0.2714434,0.94500343,0.79157121,Normal
0.19850231,-0.4078489,0.21420367,-0.3698551,0.25391159,-0.1751901,1.008798,0.13862291,0.02446631,0.69437597,0.05876156,0.03188948,-0.4194743,1.5753927,1.5810846,1.567531,0.09379084,-1.2039597,0.06720906,-0.5755093,-0.1937217,-1.4599733,-1.3584344,1.3921691,-1.3762119,1.7860717,-0.4399772,0.58334635,-0.270059,-0.7306639,0.49901174,0.92493351,-0.5540371,-0.8475122,1.5850826,1.4379516,1.6075099,0.07060622,-0.4566202,1.0694376,0.36785844,-0.9453173,-1.430693,-0.7553352,-0.3242374,-0.6577086,-2.242421,0.96127645,-1.3215498,0.00949043,1.2567745,-0.3392039,1.4351409,-0.3465478,-0.6691003,0.63265679,-0.7947688,0.93216034,-0.8083811,1.674318,0.1993174,-0.3743938,1.5236259,0.14268127,-1.5451003,-1.3756255,-1.6540169,1.1495826,-0.1599219,-0.0344756,-0.1547614,0.21052895,0.47140138,1.3756289,-0.6782617,-0.6445911,-0.3978006,-0.2516075,-0.0346533,0.44737972,-0.6328609,1.2642917,0.50611706,0.33711533,1.9244438,2.3817147,-0.6774677,1.5736368,1.6592973,-0.5528247,1.153332,1.595846,Normal
0.78081762,1.0916667,-0.5946455,0.52718391,1.1370466,0.80661808,-0.8555932,0.203462,0.80865661,0.11687936,0.46373965,1.4404208,0.8947811,-1.1380449,0.02655943,-1.2926317,0.66495058,0.07174824,0.13793301,1.5646811,-0.1393104,0.23093572,-0.9271313,-0.3685296,0.06513405,0.08772333,-0.0748609,1.6679289,0.96773973,0.40444008,0.66304155,-1.2688989,1.1125537,1.2773767,0.36144126,-0.8047391,-0.1788904,0.81529977,-0.6218034,-1.4834285,-0.6476189,-0.5750794,0.06939542,-0.2021457,0.2387236,-1.0844196,0.09908173,-0.1832164,0.53592515,0.89403127,-0.4251705,0.22301638,-0.0640896,-0.1009916,-1.8943575,-0.8932636,-0.9632505,0.58070671,-0.0880059,-1.2254285,1.572943,-1.5523286,-0.992283,0.3959024,0.45862348,-0.1211969,0.55008243,0.2507132,-1.9530043,-0.2518272,0.62991137,-0.3499835,-0.0498393,-0.2527473,1.2215151,0.71784858,0.99321338,-0.9791335,1.025778,-0.0995574,-0.997414,0.31743203,0.86565425,0.40575452,-0.3339145,-0.5642005,0.57113111,-3.3056628,-0.9271977,-1.6340396,-0.3254676,-0.653927,Normal
0.1306992,-0.5720133,1.3954226,-1.9541133,-1.6495829,-2.2242693,1.6759696,-0.2985891,-0.688418,-0.1200698,-0.7352202,-1.6383312,-0.7538223,1.6523186,1.4001952,1.6294891,-2.2982758,1.1665829,-2.7999068,-0.7480072,0.1061172,-1.8696766,-0.1249231,1.4635207,-0.6921126,0.43996697,-0.6327483,-0.8968117,-0.2703241,-1.9086491,-1.8699918,0.87351049,-0.6877291,-2.1311211,1.516038,1.7012083,1.4962642,-1.1359408,-1.275137,0.56473952,1.3806578,-1.75683,0.43672596,0.15719886,-1.077861,1.1208769,-0.3468605,-0.8476018,0.35811507,-0.4051267,0.9128513,-0.1528775,1.1482378,-1.7714839,0.08675427,1.3319213,-1.5669985,0.35131463,-1.10236,1.3583951,-0.897727,1.493699,0.72070622,-1.9623728,-3.455752,-1.6035553,0.55411115,0.73607366,0.08344257,0.1670202,0.22662195,-0.5141535,1.1992736,1.4447461,-1.5187843,-0.8062875,-0.1139468,-3.9235232,-1.8608108,-0.9372511,-0.6447046,0.52278993,-0.2378398,0.34720132,1.099205,1.6723041,-0.8815105,1.9131176,-0.0423853,1.3437853,1.5900132,0.74837111,Normal
-0.009567,-1.3538984,-0.2366935,-0.6335843,-0.2556431,-0.3843655,0.03102766,-0.4631432,-0.1587573,0.89037211,0.98729441,-1.2657298,-0.0390318,-1.9519039,-1.1326643,-2.0801338,-0.8574815,-2.3992745,0.70348975,0.48895794,-0.1653785,-0.5870066,-0.6758484,0.01980165,-0.3263267,-0.9310139,0.63907853,-1.1598899,1.9778917,-0.1037476,-0.1163698,-1.9458055,0.8438733,0.73000284,-0.1864327,0.40132541,-0.6321506,1.4086869,1.2791004,0.44574141,1.011785,0.97861822,0.32704103,0.67416063,-0.1269616,-2.3687139,0.74116087,-0.6391994,0.34433806,0.92213641,0.69442579,1.0156669,-0.0081262,-2.1892462,-2.6177482,-1.4861622,1.0495464,-0.2987033,0.65779741,-0.366817,0.93209261,-1.2160122,-0.1970625,1.1412455,-1.2792353,1.2769749,-1.3542104,-0.4392665,1.3601257,1.2122494,2.3608451,1.2592878,-1.9789529,-0.947659,0.93805205,-1.3970419,0.63157138,0.82636826,0.56966226,0.60532523,-0.8561958,0.62853456,0.06024913,-1.0801112,-0.3173671,0.3720229,0.33017338,0.39020616,-0.3798175,-1.4176337,0.51844012,0.47226411,Normal
-1.5793795,-1.813728,0.59786687,-1.965828,-0.2495962,-0.6354665,0.92727677,-1.4625004,-1.3885381,-1.0850447,0.58045266,-0.620783,-2.2224065,0.22792686,0.9039346,0.11680392,-1.0143843,0.81675227,-0.9515143,-1.7976259,2.241807,0.01222315,-1.8735409,1.0851556,-0.0659334,0.33993007,-1.0315575,-1.5557752,0.34371332,-0.6150374,0.84499381,0.05334698,-1.1056835,-0.7229345,0.28479072,1.2538585,0.23220385,-0.8183273,0.49408478,1.5684024,0.5582808,-0.4731862,0.32065263,0.04445019,-1.9903714,-0.2763308,-0.9198548,-1.3035215,0.09564351,-1.4861499,1.6395739,-0.6014834,0.56500612,-0.1161851,-1.998381,0.64626375,0.17215785,2.1305018,-0.0653921,1.0748761,0.1655834,0.65424408,1.5180675,-0.4863229,-1.1737869,0.07679408,-0.3833709,1.5642176,-2.3310634,-0.7691906,0.00401625,-0.3357814,1.5181776,0.76051246,0.26020386,-0.2523008,0.19623395,0.21880193,0.15631051,-1.0690085,-0.8547845,1.5270568,-2.1650725,-0.889033,1.9352013,0.93968783,-0.0078743,1.165615,-1.2155026,-1.1249709,1.1801378,1.632106,Normal
-0.2894221,-0.3456964,1.0945865,-0.4736362,0.10560968,0.29913647,0.96390257,-0.1774414,0.26881852,0.40313058,-0.6785899,0.62558124,-0.50434,0.9919846,1.3270073,0.87109171,-0.1318293,0.78242111,-0.6132953,-0.2747354,0.35171586,-0.0379016,-0.3744738,1.0237215,-0.8774778,0.68343077,-0.6457886,-0.579238,-1.1604373,-0.0964063,0.63233264,0.48077915,-0.4663713,-0.4419973,2.3731583,1.0336894,2.2466871,-0.0147058,0.02230771,1.6593,0.70977109,-0.3719213,-0.59475,-1.6743188,-0.3651861,0.70695665,-1.1856196,0.52059379,-0.9284419,0.01371789,1.0632764,-0.333848,1.5514758,-2.1759598,0.57936907,0.14943591,-0.2451911,1.1626266,-0.4674267,1.1635521,0.29983632,-1.8779146,1.2221062,-0.5750618,-0.9197936,-0.2102246,-1.1212714,1.0054668,0.12393555,-0.2459713,-0.0886667,1.0662086,0.83169281,0.94822199,-0.5106227,-1.2626279,-0.7449508,0.47836068,-0.5589903,0.01860202,-0.166973,1.0303322,-0.1286663,-1.2430831,1.1316888,1.6638476,-0.4520472,1.0446207,-0.0979128,0.89360441,1.1974889,1.6675622,Normal
